<?xml version='1.0' encoding='UTF-8' standalone='yes' ?>
<hierarchy rotation="0">
  <node index="0" text="" resource-id="" class="android.widget.FrameLayout" package="com.android.systemui" content-desc="" checkable="false" checked="false" clickable="false" enabled="true" focusable="false" focused="false" scrollable="false" long-clickable="false" password="false" selected="false" visible-to-user="true" bounds="[0,0][1080,63]">
    <node index="0" text="" resource-id="com.android.systemui:id/status_bar_container" class="android.widget.FrameLayout" package="com.android.systemui" content-desc="" checkable="false" checked="false" clickable="false" enabled="true" focusable="false" focused="false" scrollable="false" long-clickable="false" password="false" selected="false" visible-to-user="true" bounds="[0,0][1080,63]">
      <node index="0" text="" resource-id="com.android.systemui:id/status_bar" class="android.widget.FrameLayout" package="com.android.systemui" content-desc="" checkable="false" checked="false" clickable="false" enabled="true" focusable="false" focused="false" scrollable="false" long-clickable="false" password="false" selected="false" visible-to-user="true" bounds="[0,0][1080,63]">
        <node index="0" text="" resource-id="com.android.systemui:id/status_bar_contents" class="android.widget.LinearLayout" package="com.android.systemui" content-desc="" checkable="false" checked="false" clickable="false" enabled="true" focusable="false" focused="false" scrollable="false" long-clickable="false" password="false" selected="false" visible-to-user="true" bounds="[0,0][1080,63]">
          <node index="0" text="" resource-id="" class="android.widget.FrameLayout" package="com.android.systemui" content-desc="" checkable="false" checked="false" clickable="false" enabled="true" focusable="false" focused="false" scrollable="false" long-clickable="false" password="false" selected="false" visible-to-user="true" bounds="[21,0][540,63]">
            <node index="0" text="" resource-id="com.android.systemui:id/status_bar_left_side" class="android.widget.LinearLayout" package="com.android.systemui" content-desc="" checkable="false" checked="false" clickable="false" enabled="true" focusable="false" focused="false" scrollable="false" long-clickable="false" password="false" selected="false" visible-to-user="true" bounds="[21,0][540,63]">
              <node index="0" text="5:21" resource-id="com.android.systemui:id/clock" class="android.widget.TextView" package="com.android.systemui" content-desc="5:21 PM" checkable="false" checked="false" clickable="false" enabled="true" focusable="false" focused="false" scrollable="false" long-clickable="false" password="false" selected="false" visible-to-user="true" bounds="[21,0][111,63]" />
              <node index="1" text="" resource-id="com.android.systemui:id/notification_icon_area" class="android.widget.FrameLayout" package="com.android.systemui" content-desc="" checkable="false" checked="false" clickable="false" enabled="true" focusable="false" focused="false" scrollable="false" long-clickable="false" password="false" selected="false" visible-to-user="true" bounds="[111,0][540,63]">
                <node index="0" text="" resource-id="com.android.systemui:id/notification_icon_area_inner" class="android.widget.LinearLayout" package="com.android.systemui" content-desc="" checkable="false" checked="false" clickable="false" enabled="true" focusable="false" focused="false" scrollable="false" long-clickable="false" password="false" selected="false" visible-to-user="true" bounds="[111,0][540,63]">
                  <node index="0" text="" resource-id="com.android.systemui:id/notificationIcons" class="android.widget.FrameLayout" package="com.android.systemui" content-desc="" checkable="false" checked="false" clickable="false" enabled="true" focusable="false" focused="false" scrollable="false" long-clickable="false" password="false" selected="false" visible-to-user="true" bounds="[111,0][540,63]">
                    <node index="0" text="" resource-id="" class="android.widget.ImageView" package="com.android.systemui" content-desc="Android Setup notification: App updates are ready" checkable="false" checked="false" clickable="false" enabled="true" focusable="false" focused="false" scrollable="false" long-clickable="false" password="false" selected="false" visible-to-user="true" bounds="[111,0][169,63]" />
                    <node index="1" text="" resource-id="" class="android.widget.ImageView" package="com.android.systemui" content-desc="Google Play Store notification: Google Play Protect is turned on" checkable="false" checked="false" clickable="false" enabled="true" focusable="false" focused="false" scrollable="false" long-clickable="false" password="false" selected="false" visible-to-user="true" bounds="[169,0][227,63]" />
                    <node index="2" text="" resource-id="" class="android.widget.ImageView" package="com.android.systemui" content-desc="ATX notification: UIAutomator" checkable="false" checked="false" clickable="false" enabled="true" focusable="false" focused="false" scrollable="false" long-clickable="false" password="false" selected="false" visible-to-user="true" bounds="[227,0][285,63]" />
                  </node>
                </node>
              </node>
            </node>
          </node>
          <node index="1" text="" resource-id="com.android.systemui:id/system_icon_area" class="android.widget.LinearLayout" package="com.android.systemui" content-desc="" checkable="false" checked="false" clickable="false" enabled="true" focusable="false" focused="false" scrollable="false" long-clickable="false" password="false" selected="false" visible-to-user="true" bounds="[540,0][1059,63]">
            <node index="0" text="" resource-id="com.android.systemui:id/system_icons" class="android.widget.LinearLayout" package="com.android.systemui" content-desc="" checkable="false" checked="false" clickable="false" enabled="true" focusable="false" focused="false" scrollable="false" long-clickable="false" password="false" selected="false" visible-to-user="true" bounds="[540,0][1059,63]">
              <node index="0" text="" resource-id="com.android.systemui:id/statusIcons" class="android.widget.LinearLayout" package="com.android.systemui" content-desc="" checkable="false" checked="false" clickable="false" enabled="true" focusable="false" focused="false" scrollable="false" long-clickable="false" password="false" selected="false" visible-to-user="true" bounds="[540,0][1039,63]">
                <node index="0" text="" resource-id="com.android.systemui:id/mobile_combo" class="android.widget.FrameLayout" package="com.android.systemui" content-desc="Phone three bars." checkable="false" checked="false" clickable="false" enabled="true" focusable="false" focused="false" scrollable="false" long-clickable="false" password="false" selected="false" visible-to-user="true" bounds="[932,2][1023,60]">
                  <node index="0" text="" resource-id="com.android.systemui:id/mobile_group" class="android.widget.LinearLayout" package="com.android.systemui" content-desc="" checkable="false" checked="false" clickable="false" enabled="true" focusable="false" focused="false" scrollable="false" long-clickable="false" password="false" selected="false" visible-to-user="true" bounds="[932,2][1023,60]">
                    <node index="0" text="" resource-id="com.android.systemui:id/mobile_type" class="android.widget.ImageView" package="com.android.systemui" content-desc="No internet" checkable="false" checked="false" clickable="false" enabled="true" focusable="false" focused="false" scrollable="false" long-clickable="false" password="false" selected="false" visible-to-user="true" bounds="[932,11][984,50]" />
                    <node index="1" text="" resource-id="" class="android.widget.FrameLayout" package="com.android.systemui" content-desc="" checkable="false" checked="false" clickable="false" enabled="true" focusable="false" focused="false" scrollable="false" long-clickable="false" password="false" selected="false" visible-to-user="true" bounds="[984,11][1023,50]">
                      <node index="0" text="" resource-id="com.android.systemui:id/mobile_signal" class="android.widget.ImageView" package="com.android.systemui" content-desc="" checkable="false" checked="false" clickable="false" enabled="true" focusable="false" focused="false" scrollable="false" long-clickable="false" password="false" selected="false" visible-to-user="true" bounds="[984,11][1023,50]" />
                    </node>
                  </node>
                </node>
              </node>
              <node index="1" text="" resource-id="com.android.systemui:id/battery" class="android.widget.LinearLayout" package="com.android.systemui" content-desc="Battery 100 percent." checkable="false" checked="false" clickable="false" enabled="true" focusable="false" focused="false" scrollable="false" long-clickable="false" password="false" selected="false" visible-to-user="true" bounds="[1039,0][1059,63]">
                <node index="0" text="" resource-id="" class="android.widget.ImageView" package="com.android.systemui" content-desc="" checkable="false" checked="false" clickable="false" enabled="true" focusable="false" focused="false" scrollable="false" long-clickable="false" password="false" selected="false" visible-to-user="true" bounds="[1039,14][1059,48]" />
              </node>
            </node>
          </node>
        </node>
      </node>
    </node>
  </node>
  <node index="0" text="" resource-id="" class="android.widget.FrameLayout" package="a2dp.Vol" content-desc="" checkable="false" checked="false" clickable="false" enabled="true" focusable="false" focused="false" scrollable="false" long-clickable="false" password="false" selected="false" visible-to-user="true" bounds="[0,0][1080,1794]">
    <node index="0" text="" resource-id="android:id/decor_content_parent" class="android.view.ViewGroup" package="a2dp.Vol" content-desc="" checkable="false" checked="false" clickable="false" enabled="true" focusable="false" focused="false" scrollable="false" long-clickable="false" password="false" selected="false" visible-to-user="true" bounds="[0,0][1080,1794]">
      <node index="0" text="" resource-id="android:id/action_bar_container" class="android.widget.FrameLayout" package="a2dp.Vol" content-desc="" checkable="false" checked="false" clickable="false" enabled="true" focusable="false" focused="false" scrollable="false" long-clickable="false" password="false" selected="false" visible-to-user="true" bounds="[0,63][1080,210]">
        <node index="0" text="" resource-id="android:id/action_bar" class="android.view.ViewGroup" package="a2dp.Vol" content-desc="" checkable="false" checked="false" clickable="false" enabled="true" focusable="false" focused="false" scrollable="false" long-clickable="false" password="false" selected="false" visible-to-user="true" bounds="[0,63][1080,210]">
          <node index="0" text="A2DP Volume" resource-id="" class="android.widget.TextView" package="a2dp.Vol" content-desc="" checkable="false" checked="false" clickable="false" enabled="true" focusable="false" focused="false" scrollable="false" long-clickable="false" password="false" selected="false" visible-to-user="true" bounds="[42,101][369,172]" />
        </node>
      </node>
      <node index="1" text="" resource-id="android:id/content" class="android.widget.FrameLayout" package="a2dp.Vol" content-desc="" checkable="false" checked="false" clickable="false" enabled="true" focusable="false" focused="false" scrollable="false" long-clickable="false" password="false" selected="false" visible-to-user="true" bounds="[0,210][1080,1794]">
        <node index="0" text="" resource-id="" class="android.widget.LinearLayout" package="a2dp.Vol" content-desc="" checkable="false" checked="false" clickable="false" enabled="true" focusable="false" focused="false" scrollable="false" long-clickable="false" password="false" selected="false" visible-to-user="true" bounds="[0,210][1080,1794]">
          <node index="0" text="" resource-id="" class="android.widget.LinearLayout" package="a2dp.Vol" content-desc="" checkable="false" checked="false" clickable="false" enabled="true" focusable="false" focused="false" scrollable="false" long-clickable="false" password="false" selected="false" visible-to-user="true" bounds="[0,210][1080,1794]">
            <node index="0" text="" resource-id="android:id/headers" class="android.widget.LinearLayout" package="a2dp.Vol" content-desc="" checkable="false" checked="false" clickable="false" enabled="true" focusable="false" focused="false" scrollable="false" long-clickable="false" password="false" selected="false" visible-to-user="true" bounds="[0,210][1080,1794]">
              <node index="0" text="" resource-id="android:id/list" class="android.widget.ListView" package="a2dp.Vol" content-desc="" checkable="false" checked="false" clickable="false" enabled="true" focusable="true" focused="true" scrollable="true" long-clickable="false" password="false" selected="false" visible-to-user="true" bounds="[0,210][1080,1794]">
                <node index="0" text="General Settings" resource-id="android:id/title" class="android.widget.TextView" package="a2dp.Vol" content-desc="" checkable="false" checked="false" clickable="false" enabled="false" focusable="false" focused="false" scrollable="false" long-clickable="false" password="false" selected="false" visible-to-user="true" bounds="[0,210][1080,303]" />
                <node index="1" text="" resource-id="" class="android.widget.LinearLayout" package="a2dp.Vol" content-desc="" checkable="false" checked="false" clickable="true" enabled="true" focusable="false" focused="false" scrollable="false" long-clickable="false" password="false" selected="false" visible-to-user="true" bounds="[0,306][1080,498]">
                  <node index="0" text="" resource-id="" class="android.widget.RelativeLayout" package="a2dp.Vol" content-desc="" checkable="false" checked="false" clickable="false" enabled="true" focusable="false" focused="false" scrollable="false" long-clickable="false" password="false" selected="false" visible-to-user="true" bounds="[42,306][912,498]">
                    <node index="0" text="Start at Boot?" resource-id="android:id/title" class="android.widget.TextView" package="a2dp.Vol" content-desc="" checkable="false" checked="false" clickable="false" enabled="true" focusable="false" focused="false" scrollable="false" long-clickable="false" password="false" selected="false" visible-to-user="true" bounds="[42,348][299,405]" />
                    <node index="1" text="The service will start at boot." resource-id="android:id/summary" class="android.widget.TextView" package="a2dp.Vol" content-desc="" checkable="false" checked="false" clickable="false" enabled="true" focusable="false" focused="false" scrollable="false" long-clickable="false" password="false" selected="false" visible-to-user="true" bounds="[42,405][517,456]" />
                  </node>
                  <node index="1" text="" resource-id="android:id/widget_frame" class="android.widget.LinearLayout" package="a2dp.Vol" content-desc="" checkable="false" checked="false" clickable="false" enabled="true" focusable="false" focused="false" scrollable="false" long-clickable="false" password="false" selected="false" visible-to-user="true" bounds="[912,306][1038,498]">
                    <node index="0" text="" resource-id="android:id/checkbox" class="android.widget.CheckBox" package="a2dp.Vol" content-desc="" checkable="true" checked="true" clickable="false" enabled="true" focusable="false" focused="false" scrollable="false" long-clickable="false" password="false" selected="false" visible-to-user="true" bounds="[954,360][1038,444]" />
                  </node>
                </node>
                <node index="2" text="" resource-id="" class="android.widget.LinearLayout" package="a2dp.Vol" content-desc="" checkable="false" checked="false" clickable="true" enabled="true" focusable="false" focused="false" scrollable="false" long-clickable="false" password="false" selected="false" visible-to-user="true" bounds="[0,501][1080,736]">
                  <node index="0" text="" resource-id="" class="android.widget.RelativeLayout" package="a2dp.Vol" content-desc="" checkable="false" checked="false" clickable="false" enabled="true" focusable="false" focused="false" scrollable="false" long-clickable="false" password="false" selected="false" visible-to-user="true" bounds="[42,501][912,736]">
                    <node index="0" text="Show Pop-ups?" resource-id="android:id/title" class="android.widget.TextView" package="a2dp.Vol" content-desc="" checkable="false" checked="false" clickable="false" enabled="true" focusable="false" focused="false" scrollable="false" long-clickable="false" password="false" selected="false" visible-to-user="true" bounds="[42,543][332,600]" />
                    <node index="1" text="Pop-up messages are shown when the service starts or stops." resource-id="android:id/summary" class="android.widget.TextView" package="a2dp.Vol" content-desc="" checkable="false" checked="false" clickable="false" enabled="true" focusable="false" focused="false" scrollable="false" long-clickable="false" password="false" selected="false" visible-to-user="true" bounds="[42,600][912,694]" />
                  </node>
                  <node index="1" text="" resource-id="android:id/widget_frame" class="android.widget.LinearLayout" package="a2dp.Vol" content-desc="" checkable="false" checked="false" clickable="false" enabled="true" focusable="false" focused="false" scrollable="false" long-clickable="false" password="false" selected="false" visible-to-user="true" bounds="[912,501][1038,736]">
                    <node index="0" text="" resource-id="android:id/checkbox" class="android.widget.CheckBox" package="a2dp.Vol" content-desc="" checkable="true" checked="true" clickable="false" enabled="true" focusable="false" focused="false" scrollable="false" long-clickable="false" password="false" selected="false" visible-to-user="true" bounds="[954,576][1038,660]" />
                  </node>
                </node>
                <node index="3" text="" resource-id="" class="android.widget.LinearLayout" package="a2dp.Vol" content-desc="" checkable="false" checked="false" clickable="true" enabled="true" focusable="false" focused="false" scrollable="false" long-clickable="false" password="false" selected="false" visible-to-user="true" bounds="[0,739][1080,931]">
                  <node index="0" text="" resource-id="" class="android.widget.RelativeLayout" package="a2dp.Vol" content-desc="" checkable="false" checked="false" clickable="false" enabled="true" focusable="false" focused="false" scrollable="false" long-clickable="false" password="false" selected="false" visible-to-user="true" bounds="[42,739][1038,931]">
                    <node index="0" text="Use Notification Icon?" resource-id="android:id/title" class="android.widget.TextView" package="a2dp.Vol" content-desc="" checkable="false" checked="false" clickable="false" enabled="true" focusable="false" focused="false" scrollable="false" long-clickable="false" password="false" selected="false" visible-to-user="true" bounds="[42,781][450,838]" />
                    <node index="1" text="Notification Visibility" resource-id="android:id/summary" class="android.widget.TextView" package="a2dp.Vol" content-desc="" checkable="false" checked="false" clickable="false" enabled="true" focusable="false" focused="false" scrollable="false" long-clickable="false" password="false" selected="false" visible-to-user="true" bounds="[42,838][380,889]" />
                  </node>
                </node>
                <node index="4" text="" resource-id="" class="android.widget.LinearLayout" package="a2dp.Vol" content-desc="" checkable="false" checked="false" clickable="true" enabled="true" focusable="false" focused="false" scrollable="false" long-clickable="false" password="false" selected="false" visible-to-user="true" bounds="[0,934][1080,1126]">
                  <node index="0" text="" resource-id="" class="android.widget.RelativeLayout" package="a2dp.Vol" content-desc="" checkable="false" checked="false" clickable="false" enabled="true" focusable="false" focused="false" scrollable="false" long-clickable="false" password="false" selected="false" visible-to-user="true" bounds="[42,934][912,1126]">
                    <node index="0" text="Use Local File Storage?" resource-id="android:id/title" class="android.widget.TextView" package="a2dp.Vol" content-desc="" checkable="false" checked="false" clickable="false" enabled="true" focusable="false" focused="false" scrollable="false" long-clickable="false" password="false" selected="false" visible-to-user="true" bounds="[42,976][475,1033]" />
                    <node index="1" text="Use SD Card file storage" resource-id="android:id/summary" class="android.widget.TextView" package="a2dp.Vol" content-desc="" checkable="false" checked="false" clickable="false" enabled="true" focusable="false" focused="false" scrollable="false" long-clickable="false" password="false" selected="false" visible-to-user="true" bounds="[42,1033][440,1084]" />
                  </node>
                  <node index="1" text="" resource-id="android:id/widget_frame" class="android.widget.LinearLayout" package="a2dp.Vol" content-desc="" checkable="false" checked="false" clickable="false" enabled="true" focusable="false" focused="false" scrollable="false" long-clickable="false" password="false" selected="false" visible-to-user="true" bounds="[912,934][1038,1126]">
                    <node index="0" text="" resource-id="android:id/checkbox" class="android.widget.CheckBox" package="a2dp.Vol" content-desc="" checkable="true" checked="false" clickable="false" enabled="true" focusable="false" focused="false" scrollable="false" long-clickable="false" password="false" selected="false" visible-to-user="true" bounds="[954,988][1038,1072]" />
                  </node>
                </node>
                <node index="5" text="" resource-id="" class="android.widget.LinearLayout" package="a2dp.Vol" content-desc="" checkable="false" checked="false" clickable="true" enabled="true" focusable="false" focused="false" scrollable="false" long-clickable="false" password="false" selected="false" visible-to-user="true" bounds="[0,1129][1080,1321]">
                  <node index="0" text="" resource-id="" class="android.widget.RelativeLayout" package="a2dp.Vol" content-desc="" checkable="false" checked="false" clickable="false" enabled="true" focusable="false" focused="false" scrollable="false" long-clickable="false" password="false" selected="false" visible-to-user="true" bounds="[42,1129][912,1321]">
                    <node index="0" text="Respond to Car Mode?" resource-id="android:id/title" class="android.widget.TextView" package="a2dp.Vol" content-desc="" checkable="false" checked="false" clickable="false" enabled="true" focusable="false" focused="false" scrollable="false" long-clickable="false" password="false" selected="false" visible-to-user="true" bounds="[42,1171][466,1228]" />
                    <node index="1" text="Respond to Car Mode" resource-id="android:id/summary" class="android.widget.TextView" package="a2dp.Vol" content-desc="" checkable="false" checked="false" clickable="false" enabled="true" focusable="false" focused="false" scrollable="false" long-clickable="false" password="false" selected="false" visible-to-user="true" bounds="[42,1228][398,1279]" />
                  </node>
                  <node index="1" text="" resource-id="android:id/widget_frame" class="android.widget.LinearLayout" package="a2dp.Vol" content-desc="" checkable="false" checked="false" clickable="false" enabled="true" focusable="false" focused="false" scrollable="false" long-clickable="false" password="false" selected="false" visible-to-user="true" bounds="[912,1129][1038,1321]">
                    <node index="0" text="" resource-id="android:id/checkbox" class="android.widget.CheckBox" package="a2dp.Vol" content-desc="" checkable="true" checked="true" clickable="false" enabled="true" focusable="false" focused="false" scrollable="false" long-clickable="false" password="false" selected="false" visible-to-user="true" bounds="[954,1183][1038,1267]" />
                  </node>
                </node>
                <node index="6" text="" resource-id="" class="android.widget.LinearLayout" package="a2dp.Vol" content-desc="" checkable="false" checked="false" clickable="true" enabled="true" focusable="false" focused="false" scrollable="false" long-clickable="false" password="false" selected="false" visible-to-user="true" bounds="[0,1324][1080,1516]">
                  <node index="0" text="" resource-id="" class="android.widget.RelativeLayout" package="a2dp.Vol" content-desc="" checkable="false" checked="false" clickable="false" enabled="true" focusable="false" focused="false" scrollable="false" long-clickable="false" password="false" selected="false" visible-to-user="true" bounds="[42,1324][912,1516]">
                    <node index="0" text="Respond to Home Dock?" resource-id="android:id/title" class="android.widget.TextView" package="a2dp.Vol" content-desc="" checkable="false" checked="false" clickable="false" enabled="true" focusable="false" focused="false" scrollable="false" long-clickable="false" password="false" selected="false" visible-to-user="true" bounds="[42,1366][503,1423]" />
                    <node index="1" text="Do not respond to Home Dock" resource-id="android:id/summary" class="android.widget.TextView" package="a2dp.Vol" content-desc="" checkable="false" checked="false" clickable="false" enabled="true" focusable="false" focused="false" scrollable="false" long-clickable="false" password="false" selected="false" visible-to-user="true" bounds="[42,1423][535,1474]" />
                  </node>
                  <node index="1" text="" resource-id="android:id/widget_frame" class="android.widget.LinearLayout" package="a2dp.Vol" content-desc="" checkable="false" checked="false" clickable="false" enabled="true" focusable="false" focused="false" scrollable="false" long-clickable="false" password="false" selected="false" visible-to-user="true" bounds="[912,1324][1038,1516]">
                    <node index="0" text="" resource-id="android:id/checkbox" class="android.widget.CheckBox" package="a2dp.Vol" content-desc="" checkable="true" checked="false" clickable="false" enabled="true" focusable="false" focused="false" scrollable="false" long-clickable="false" password="false" selected="false" visible-to-user="true" bounds="[954,1378][1038,1462]" />
                  </node>
                </node>
                <node index="7" text="" resource-id="" class="android.widget.LinearLayout" package="a2dp.Vol" content-desc="" checkable="false" checked="false" clickable="true" enabled="true" focusable="false" focused="false" scrollable="false" long-clickable="false" password="false" selected="false" visible-to-user="true" bounds="[0,1519][1080,1711]">
                  <node index="0" text="" resource-id="" class="android.widget.RelativeLayout" package="a2dp.Vol" content-desc="" checkable="false" checked="false" clickable="false" enabled="true" focusable="false" focused="false" scrollable="false" long-clickable="false" password="false" selected="false" visible-to-user="true" bounds="[42,1519][912,1711]">
                    <node index="0" text="Respond to Audio Jack?" resource-id="android:id/title" class="android.widget.TextView" package="a2dp.Vol" content-desc="" checkable="false" checked="false" clickable="false" enabled="true" focusable="false" focused="false" scrollable="false" long-clickable="false" password="false" selected="false" visible-to-user="true" bounds="[42,1561][492,1618]" />
                    <node index="1" text="Do not respond to Audio Jack" resource-id="android:id/summary" class="android.widget.TextView" package="a2dp.Vol" content-desc="" checkable="false" checked="false" clickable="false" enabled="true" focusable="false" focused="false" scrollable="false" long-clickable="false" password="false" selected="false" visible-to-user="true" bounds="[42,1618][526,1669]" />
                  </node>
                  <node index="1" text="" resource-id="android:id/widget_frame" class="android.widget.LinearLayout" package="a2dp.Vol" content-desc="" checkable="false" checked="false" clickable="false" enabled="true" focusable="false" focused="false" scrollable="false" long-clickable="false" password="false" selected="false" visible-to-user="true" bounds="[912,1519][1038,1711]">
                    <node index="0" text="" resource-id="android:id/checkbox" class="android.widget.CheckBox" package="a2dp.Vol" content-desc="" checkable="true" checked="false" clickable="false" enabled="true" focusable="false" focused="false" scrollable="false" long-clickable="false" password="false" selected="false" visible-to-user="true" bounds="[954,1573][1038,1657]" />
                  </node>
                </node>
                <node index="8" text="" resource-id="" class="android.widget.LinearLayout" package="a2dp.Vol" content-desc="" checkable="false" checked="false" clickable="true" enabled="true" focusable="false" focused="false" scrollable="false" long-clickable="false" password="false" selected="false" visible-to-user="true" bounds="[0,1714][1080,1794]">
                  <node index="0" text="" resource-id="" class="android.widget.RelativeLayout" package="a2dp.Vol" content-desc="" checkable="false" checked="false" clickable="false" enabled="true" focusable="false" focused="false" scrollable="false" long-clickable="false" password="false" selected="false" visible-to-user="true" bounds="[42,1714][912,1794]">
                    <node index="0" text="Respond to Power Connection?" resource-id="android:id/title" class="android.widget.TextView" package="a2dp.Vol" content-desc="" checkable="false" checked="false" clickable="false" enabled="true" focusable="false" focused="false" scrollable="false" long-clickable="false" password="false" selected="false" visible-to-user="true" bounds="[42,1756][626,1794]" />
                  </node>
                  <node index="1" text="" resource-id="android:id/widget_frame" class="android.widget.LinearLayout" package="a2dp.Vol" content-desc="" checkable="false" checked="false" clickable="false" enabled="true" focusable="false" focused="false" scrollable="false" long-clickable="false" password="false" selected="false" visible-to-user="true" bounds="[912,1714][1038,1794]">
                    <node index="0" text="" resource-id="android:id/checkbox" class="android.widget.CheckBox" package="a2dp.Vol" content-desc="" checkable="true" checked="false" clickable="false" enabled="true" focusable="false" focused="false" scrollable="false" long-clickable="false" password="false" selected="false" visible-to-user="true" bounds="[954,1768][1038,1794]" />
                  </node>
                </node>
              </node>
            </node>
          </node>
        </node>
      </node>
    </node>
  </node>
  <node index="0" text="" resource-id="com.android.systemui:id/navigation_bar_frame" class="android.widget.FrameLayout" package="com.android.systemui" content-desc="" checkable="false" checked="false" clickable="false" enabled="true" focusable="false" focused="false" scrollable="false" long-clickable="false" password="false" selected="false" visible-to-user="true" bounds="[0,1794][1080,1920]">
    <node index="0" text="" resource-id="" class="android.widget.FrameLayout" package="com.android.systemui" content-desc="" checkable="false" checked="false" clickable="false" enabled="true" focusable="false" focused="false" scrollable="false" long-clickable="false" password="false" selected="false" visible-to-user="true" bounds="[0,1794][1080,1920]">
      <node index="0" text="" resource-id="com.android.systemui:id/navigation_inflater" class="android.widget.FrameLayout" package="com.android.systemui" content-desc="" checkable="false" checked="false" clickable="false" enabled="true" focusable="false" focused="false" scrollable="false" long-clickable="false" password="false" selected="false" visible-to-user="true" bounds="[0,1794][1080,1920]">
        <node index="0" text="" resource-id="com.android.systemui:id/horizontal" class="android.widget.FrameLayout" package="com.android.systemui" content-desc="" checkable="false" checked="false" clickable="false" enabled="true" focusable="false" focused="false" scrollable="false" long-clickable="false" password="false" selected="false" visible-to-user="true" bounds="[0,1794][1080,1920]">
          <node index="0" text="" resource-id="com.android.systemui:id/nav_buttons" class="android.widget.FrameLayout" package="com.android.systemui" content-desc="" checkable="false" checked="false" clickable="false" enabled="true" focusable="false" focused="false" scrollable="false" long-clickable="false" password="false" selected="false" visible-to-user="true" bounds="[21,1794][1059,1920]">
            <node index="0" text="" resource-id="com.android.systemui:id/ends_group" class="android.widget.LinearLayout" package="com.android.systemui" content-desc="" checkable="false" checked="false" clickable="false" enabled="true" focusable="false" focused="false" scrollable="false" long-clickable="false" password="false" selected="false" visible-to-user="true" bounds="[21,1794][1059,1920]">
              <node index="0" text="" resource-id="" class="android.widget.RelativeLayout" package="com.android.systemui" content-desc="" checkable="false" checked="false" clickable="false" enabled="true" focusable="false" focused="false" scrollable="false" long-clickable="false" password="false" selected="false" visible-to-user="true" bounds="[21,1794][124,1920]" />
              <node index="1" text="" resource-id="" class="android.widget.RelativeLayout" package="com.android.systemui" content-desc="" checkable="false" checked="false" clickable="false" enabled="true" focusable="false" focused="false" scrollable="false" long-clickable="false" password="false" selected="false" visible-to-user="true" bounds="[124,1794][331,1920]">
                <node index="0" text="" resource-id="com.android.systemui:id/back" class="android.widget.ImageView" package="com.android.systemui" content-desc="Back" checkable="false" checked="false" clickable="true" enabled="true" focusable="true" focused="false" scrollable="false" long-clickable="true" password="false" selected="false" visible-to-user="true" bounds="[124,1794][331,1920]" />
              </node>
              <node index="2" text="" resource-id="" class="android.widget.RelativeLayout" package="com.android.systemui" content-desc="" checkable="false" checked="false" clickable="false" enabled="true" focusable="false" focused="false" scrollable="false" long-clickable="false" password="false" selected="false" visible-to-user="true" bounds="[747,1794][955,1920]">
                <node index="0" text="" resource-id="com.android.systemui:id/recent_apps" class="android.widget.ImageView" package="com.android.systemui" content-desc="Overview" checkable="false" checked="false" clickable="true" enabled="true" focusable="true" focused="false" scrollable="false" long-clickable="true" password="false" selected="false" visible-to-user="true" bounds="[747,1794][955,1920]" />
              </node>
              <node index="3" text="" resource-id="" class="android.widget.RelativeLayout" package="com.android.systemui" content-desc="" checkable="false" checked="false" clickable="false" enabled="true" focusable="false" focused="false" scrollable="false" long-clickable="false" password="false" selected="false" visible-to-user="true" bounds="[955,1794][1059,1920]" />
            </node>
            <node index="1" text="" resource-id="com.android.systemui:id/center_group" class="android.widget.LinearLayout" package="com.android.systemui" content-desc="" checkable="false" checked="false" clickable="false" enabled="true" focusable="false" focused="false" scrollable="false" long-clickable="false" password="false" selected="false" visible-to-user="true" bounds="[435,1794][645,1920]">
              <node index="0" text="" resource-id="com.android.systemui:id/home" class="android.widget.FrameLayout" package="com.android.systemui" content-desc="" checkable="false" checked="false" clickable="true" enabled="true" focusable="true" focused="false" scrollable="false" long-clickable="false" password="false" selected="false" visible-to-user="true" bounds="[435,1794][645,1920]">
                <node index="0" text="" resource-id="com.android.systemui:id/home_button" class="android.widget.ImageView" package="com.android.systemui" content-desc="Home" checkable="false" checked="false" clickable="true" enabled="true" focusable="true" focused="false" scrollable="false" long-clickable="true" password="false" selected="false" visible-to-user="true" bounds="[435,1794][645,1920]" />
                <node index="1" text="" resource-id="" class="android.widget.RelativeLayout" package="com.android.systemui" content-desc="" checkable="false" checked="false" clickable="false" enabled="true" focusable="false" focused="false" scrollable="false" long-clickable="false" password="false" selected="false" visible-to-user="true" bounds="[435,1794][645,1920]" />
                <node index="2" text="" resource-id="com.android.systemui:id/white_cutout" class="android.widget.ImageView" package="com.android.systemui" content-desc="" checkable="false" checked="false" clickable="false" enabled="true" focusable="false" focused="false" scrollable="false" long-clickable="false" password="false" selected="false" visible-to-user="true" bounds="[498,1815][582,1899]" />
                <node index="3" text="" resource-id="com.android.systemui:id/white" class="android.widget.ImageView" package="com.android.systemui" content-desc="" checkable="false" checked="false" clickable="false" enabled="true" focusable="false" focused="false" scrollable="false" long-clickable="false" password="false" selected="false" visible-to-user="true" bounds="[498,1815][582,1899]" />
              </node>
            </node>
          </node>
        </node>
      </node>
    </node>
  </node>
</hierarchy>